{
  "version": 1,
  "author": "Sathish Kumar",
  "editor": "wokwi",
  "parts": [
    { "type": "wokwi-esp32-devkit-v1", "id": "esp", "top": -18.74, "left": 114.3, "attrs": {} },
    {
      "type": "wokwi-photoresistor-sensor",
      "id": "ldr1",
      "top": -25.6,
      "left": -104.8,
      "attrs": {}
    },
    { "type": "wokwi-led", "id": "led1", "top": -3.6, "left": 339.8, "attrs": { "color": "red" } },
    {
      "type": "wokwi-resistor",
      "id": "r1",
      "top": 71.15,
      "left": 288,
      "attrs": { "value": "1000" }
    },
    { "type": "wokwi-pir-motion-sensor", "id": "pir1", "top": 234.4, "left": -55.38, "attrs": {} },
    { "type": "wokwi-relay-module", "id": "relay1", "top": -95.8, "left": 288, "attrs": {} },
    { "type": "wokwi-servo", "id": "servo1", "top": 295.6, "left": 604.8, "attrs": {} },
    { "type": "board-ds18b20", "id": "temp1", "top": -183.53, "left": -139.92, "attrs": {} },
    {
      "type": "wokwi-dht22",
      "id": "dht1",
      "top": -230.1,
      "left": 23.4,
      "attrs": { "temperature": "60.2", "humidity": "77" }
    }
  ],
  "connections": [
    [ "esp:TX0", "$serialMonitor:RX", "", [] ],
    [ "esp:RX0", "$serialMonitor:TX", "", [] ],
    [ "ldr1:VCC", "esp:3V3", "red", [ "h36.39", "v-108.82", "h153.65", "v178.01" ] ],
    [ "esp:GND.1", "ldr1:GND", "black", [ "h63.46", "v83.72", "h-193", "v-133.04", "h-2.81" ] ],
    [ "r1:2", "led1:A", "green", [ "v-86.4", "h37.2", "v48", "h-9.6" ] ],
    [ "r1:1", "esp:D2", "green", [ "v0" ] ],
    [ "led1:C", "esp:GND.2", "green", [ "v220.8", "h-235.5" ] ],
    [ "pir1:GND", "esp:GND.2", "black", [ "v9.6", "h66.94", "v-192" ] ],
    [ "pir1:OUT", "esp:D5", "green", [ "v19.2", "h249.46", "v-278.4" ] ],
    [ "pir1:VCC", "esp:VIN", "red", [ "v19.2", "h-57.6", "v-163.2" ] ],
    [ "relay1:VCC", "esp:VIN", "red", [ "h-192", "v216.56" ] ],
    [ "relay1:GND", "esp:GND.1", "black", [ "h-38.4", "v197.06" ] ],
    [ "relay1:IN", "esp:D18", "green", [ "h-48", "v120.36" ] ],
    [ "temp1:GND", "esp:GND.2", "black", [ "v0" ] ],
    [ "esp:D4", "temp1:DQ", "green", [ "h0" ] ],
    [ "esp:VIN", "temp1:VCC", "red", [ "h0" ] ],
    [ "ldr1:AO", "esp:D34", "green", [ "h48", "v18.5" ] ],
    [ "dht1:GND", "esp:GND.2", "black", [ "v249.6", "h134.4" ] ],
    [ "dht1:VCC", "esp:3V3", "red", [ "v316.8", "h263.6" ] ],
    [ "dht1:SDA", "esp:D15", "green", [ "v0" ] ]
  ],
  "dependencies": {}
}